{
  "properties": {
    "connectionReferences": {
      "shared_office365_1": {
        "api": {
          "name": "shared_office365"
        },
        "connection": {
          "connectionReferenceLogicalName": "sn_sharedoffice365_058bf"
        },
        "runtimeSource": "invoker"
      },
      "shared_office365users": {
        "api": {
          "name": "shared_office365users"
        },
        "connection": {
          "connectionReferenceLogicalName": "sn_sharedoffice365users_de013"
        },
        "runtimeSource": "invoker"
      },
      "shared_commondataserviceforapps_1": {
        "api": {
          "name": "shared_commondataserviceforapps"
        },
        "connection": {
          "connectionReferenceLogicalName": "sn_sharedcommondataserviceforapps_cab73"
        },
        "runtimeSource": "embedded"
      }
    },
    "definition": {
      "$schema": "https://schema.management.azure.com/providers/Microsoft.Logic/schemas/2016-06-01/workflowdefinition.json#",
      "contentVersion": "1.0.0.0",
      "parameters": {
        "$authentication": {
          "defaultValue": {},
          "type": "SecureObject"
        },
        "$connections": {
          "defaultValue": {},
          "type": "Object"
        }
      },
      "triggers": {
        "manual": {
          "type": "Request",
          "kind": "Button",
          "inputs": {
            "schema": {
              "type": "object",
              "properties": {
                "Location": {
                  "type": "object",
                  "properties": {
                    "fullAddress": {
                      "title": "Full address",
                      "type": "string",
                      "x-ms-dynamically-added": false
                    },
                    "address": {
                      "type": "object",
                      "properties": {
                        "countryOrRegion": {
                          "title": "Country/Region",
                          "type": "string",
                          "x-ms-dynamically-added": false
                        },
                        "city": {
                          "title": "City",
                          "type": "string",
                          "x-ms-dynamically-added": false
                        },
                        "state": {
                          "title": "State",
                          "type": "string",
                          "x-ms-dynamically-added": false
                        },
                        "street": {
                          "title": "Street",
                          "type": "string",
                          "x-ms-dynamically-added": false
                        },
                        "postalCode": {
                          "title": "Postal code",
                          "type": "string",
                          "x-ms-dynamically-added": false
                        }
                      },
                      "required": [
                        "countryOrRegion",
                        "city",
                        "state",
                        "street",
                        "postalCode"
                      ]
                    },
                    "coordinates": {
                      "type": "object",
                      "properties": {
                        "latitude": {
                          "title": "Latitude",
                          "type": "number",
                          "x-ms-dynamically-added": false
                        },
                        "longitude": {
                          "title": "Longitude",
                          "type": "number",
                          "x-ms-dynamically-added": false
                        }
                      },
                      "required": [
                        "latitude",
                        "longitude"
                      ]
                    }
                  }
                }
              },
              "required": []
            }
          },
          "metadata": {
            "operationMetadataId": "215f383a-828e-43bf-b604-9097667fd881"
          }
        }
      },
      "actions": {
        "Get_rooms_(V2)": {
          "type": "OpenApiConnection",
          "inputs": {
            "host": {
              "apiId": "/providers/Microsoft.PowerApps/apis/shared_office365",
              "operationId": "GetRooms_V2",
              "connectionName": "shared_office365_1"
            }
          },
          "runAfter": {},
          "metadata": {
            "operationMetadataId": "5a54fc5e-eb97-4a9c-a0ed-cad8d0aeaffb"
          }
        },
        "For_each": {
          "type": "Foreach",
          "foreach": "@outputs('Get_rooms_(V2)')?['body/value']",
          "actions": {
            "Get_user_profile_(V2)": {
              "type": "OpenApiConnection",
              "inputs": {
                "parameters": {
                  "id": "@item()?['address']"
                },
                "host": {
                  "apiId": "/providers/Microsoft.PowerApps/apis/shared_office365users",
                  "operationId": "UserProfile_V2",
                  "connectionName": "shared_office365users"
                }
              }
            },
            "Location": {
              "type": "Compose",
              "inputs": "@outputs('Get_user_profile_(V2)')?['body/officeLocation']",
              "runAfter": {
                "Get_user_profile_(V2)": [
                  "Succeeded"
                ]
              }
            },
            "List_rows": {
              "type": "OpenApiConnection",
              "inputs": {
                "parameters": {
                  "entityName": "sn_conferenceroomses",
                  "$filter": "sn_roomemail eq '@{item()?['address']}'"
                },
                "host": {
                  "apiId": "/providers/Microsoft.PowerApps/apis/shared_commondataserviceforapps",
                  "operationId": "ListRecords",
                  "connectionName": "shared_commondataserviceforapps_1"
                }
              },
              "runAfter": {
                "Location": [
                  "SUCCEEDED"
                ]
              }
            },
            "Check_if_room_already_added": {
              "type": "If",
              "expression": {
                "and": [
                  {
                    "equals": [
                      "@length(outputs('List_rows')?['body/value'])",
                      0
                    ]
                  }
                ]
              },
              "actions": {
                "Add_a_new_row": {
                  "type": "OpenApiConnection",
                  "inputs": {
                    "parameters": {
                      "entityName": "sn_conferenceroomses",
                      "item/sn_name": "@item()?['name']",
                      "item/sn_roomemail": "@item()?['address']",
                      "item/sn_roomlocation": "@{outputs('Location')}",
                      "item/sn_roomname": "@item()?['name']",
                      "item/statuscode": 1
                    },
                    "host": {
                      "apiId": "/providers/Microsoft.PowerApps/apis/shared_commondataserviceforapps",
                      "operationId": "CreateRecord",
                      "connectionName": "shared_commondataserviceforapps_1"
                    }
                  },
                  "metadata": {
                    "operationMetadataId": "5ba38c9b-05f6-4a9e-8b28-bc11fb5afb36"
                  }
                }
              },
              "else": {
                "actions": {}
              },
              "runAfter": {
                "List_rows": [
                  "SUCCEEDED"
                ]
              }
            }
          },
          "runAfter": {
            "Get_rooms_(V2)": [
              "Succeeded"
            ]
          }
        },
        "Terminate": {
          "type": "Terminate",
          "inputs": {
            "runStatus": "Succeeded"
          },
          "runAfter": {
            "For_each": [
              "Succeeded"
            ]
          }
        }
      }
    },
    "templateName": null
  },
  "schemaVersion": "1.0.0.0"
}